show_id,type,director,cast,country,date_added,release_year,rating,duration,listed_in,description
s1,Movie,Michael Johnson,"Actor C, Actor D",Australia,"September 25, 2021",2003,R,120 min,Comedies,A thrilling story of love and betrayal.
s2,TV Show,John Smith,"Actor I, Actor J",India,"September 25, 2021",2014,TV-MA,1 Season,Documentaries,A comedy full of laughter and surprises.
s3,Movie,Daniel Wilson,"Actor C, Actor D",United Kingdom,"September 25, 2021",2017,TV-MA,3 Seasons,Action & Adventure,A comedy full of laughter and surprises.
s4,Movie,Daniel Wilson,"Actor A, Actor B",India,"September 25, 2021",1990,R,1 Season,TV Mysteries,An inspiring journey of friendship and courage.
s5,Movie,Daniel Wilson,"Actor C, Actor D",Canada,"September 25, 2021",1999,R,1 Season,Romantic Movies,A documentary uncovering hidden truths.
s6,Movie,Olivia Taylor,"Actor E, Actor F",Canada,"September 25, 2021",2002,PG,3 Seasons,TV Mysteries,A comedy full of laughter and surprises.
s7,TV Show,Emma Brown,"Actor C, Actor D",Canada,"September 25, 2021",2008,TV-MA,3 Seasons,Comedies,A documentary uncovering hidden truths.
s8,Movie,Emma Brown,"Actor A, Actor B",Australia,"September 25, 2021",2017,TV-MA,3 Seasons,Documentaries,A mystery that will keep you hooked till the end.
s9,Movie,Emma Brown,"Actor K, Actor L",United Kingdom,"September 25, 2021",1994,TV-MA,90 min,Action & Adventure,A drama exploring human emotions and struggles.
s10,TV Show,Olivia Taylor,"Actor G, Actor H",India,"September 25, 2021",2000,R,1 Season,Documentaries,A drama exploring human emotions and struggles.
s11,TV Show,Emma Brown,"Actor K, Actor L",Germany,"September 25, 2021",2018,R,120 min,Comedies,A mystery that will keep you hooked till the end.
s12,Movie,Emma Brown,"Actor A, Actor B",India,"September 25, 2021",2015,R,2 Seasons,International TV Shows,A mystery that will keep you hooked till the end.
s13,TV Show,Michael Johnson,"Actor K, Actor L",Germany,"September 25, 2021",2019,PG,120 min,International TV Shows,A comedy full of laughter and surprises.
s14,Movie,Sophia Davis,"Actor E, Actor F",United States,"September 25, 2021",1999,TV-MA,3 Seasons,TV Mysteries,A thrilling story of love and betrayal.
s15,Movie,Michael Johnson,"Actor I, Actor J",United Kingdom,"September 25, 2021",2015,PG,120 min,TV Dramas,A thrilling story of love and betrayal.
s16,TV Show,Sophia Davis,"Actor K, Actor L",Australia,"September 25, 2021",1991,TV-MA,3 Seasons,International TV Shows,A mystery that will keep you hooked till the end.
s17,Movie,Olivia Taylor,"Actor I, Actor J",Germany,"September 25, 2021",2013,TV-MA,90 min,Documentaries,An inspiring journey of friendship and courage.
s18,Movie,Sophia Davis,"Actor K, Actor L",India,"September 25, 2021",1994,R,90 min,Romantic Movies,An inspiring journey of friendship and courage.
s19,Movie,Olivia Taylor,"Actor I, Actor J",Canada,"September 25, 2021",2013,TV-MA,2 Seasons,Romantic Movies,A drama exploring human emotions and struggles.
s20,Movie,Daniel Wilson,"Actor I, Actor J",Australia,"September 25, 2021",2004,PG,1 Season,TV Mysteries,A drama exploring human emotions and struggles.
s21,TV Show,Emma Brown,"Actor A, Actor B",Canada,"September 25, 2021",2000,TV-MA,120 min,TV Dramas,A thrilling story of love and betrayal.
s22,TV Show,Emma Brown,"Actor E, Actor F",Canada,"September 25, 2021",1992,TV-MA,120 min,Romantic Movies,A comedy full of laughter and surprises.
s23,Movie,Emma Brown,"Actor A, Actor B",United States,"September 25, 2021",2001,PG,2 Seasons,Documentaries,A comedy full of laughter and surprises.
s24,TV Show,Michael Johnson,"Actor I, Actor J",United States,"September 25, 2021",2007,PG,3 Seasons,Documentaries,A mystery that will keep you hooked till the end.
s25,Movie,John Smith,"Actor K, Actor L",United Kingdom,"September 25, 2021",2012,TV-MA,3 Seasons,Romantic Movies,A drama exploring human emotions and struggles.
s26,Movie,Sophia Davis,"Actor A, Actor B",Germany,"September 25, 2021",2009,R,1 Season,TV Mysteries,A drama exploring human emotions and struggles.
s27,Movie,Daniel Wilson,"Actor A, Actor B",Australia,"September 25, 2021",2006,PG,90 min,Action & Adventure,An inspiring journey of friendship and courage.
s28,Movie,Sophia Davis,"Actor A, Actor B",Germany,"September 25, 2021",2012,TV-MA,1 Season,TV Mysteries,A mystery that will keep you hooked till the end.
s29,Movie,John Smith,"Actor G, Actor H",Germany,"September 25, 2021",1999,R,120 min,Documentaries,An inspiring journey of friendship and courage.
s30,Movie,Daniel Wilson,"Actor K, Actor L",Germany,"September 25, 2021",1996,TV-MA,90 min,Documentaries,A comedy full of laughter and surprises.
s31,TV Show,Olivia Taylor,"Actor K, Actor L",Germany,"September 25, 2021",2013,TV-MA,90 min,International TV Shows,A documentary uncovering hidden truths.
s32,TV Show,Daniel Wilson,"Actor I, Actor J",United Kingdom,"September 25, 2021",2006,R,3 Seasons,TV Dramas,A documentary uncovering hidden truths.
s33,Movie,Emma Brown,"Actor I, Actor J",India,"September 25, 2021",2006,TV-MA,2 Seasons,International TV Shows,An inspiring journey of friendship and courage.
s34,Movie,Emma Brown,"Actor I, Actor J",United Kingdom,"September 25, 2021",2015,TV-MA,3 Seasons,TV Dramas,A documentary uncovering hidden truths.
s35,Movie,Olivia Taylor,"Actor G, Actor H",United Kingdom,"September 25, 2021",2011,PG,120 min,Comedies,A drama exploring human emotions and struggles.
s36,Movie,Olivia Taylor,"Actor A, Actor B",India,"September 25, 2021",1993,TV-MA,1 Season,Documentaries,A documentary uncovering hidden truths.
s37,TV Show,Emma Brown,"Actor K, Actor L",United Kingdom,"September 25, 2021",2009,R,90 min,TV Mysteries,An inspiring journey of friendship and courage.
s38,TV Show,Olivia Taylor,"Actor C, Actor D",India,"September 25, 2021",1996,TV-MA,3 Seasons,Romantic Movies,A thrilling story of love and betrayal.
s39,Movie,Daniel Wilson,"Actor A, Actor B",Germany,"September 25, 2021",2011,R,120 min,Comedies,A mystery that will keep you hooked till the end.
s40,Movie,Daniel Wilson,"Actor G, Actor H",United States,"September 25, 2021",2005,PG,120 min,TV Dramas,A drama exploring human emotions and struggles.
s41,TV Show,John Smith,"Actor G, Actor H",United Kingdom,"September 25, 2021",1996,PG,2 Seasons,Documentaries,An inspiring journey of friendship and courage.
s42,Movie,Michael Johnson,"Actor I, Actor J",India,"September 25, 2021",2004,TV-MA,120 min,Comedies,A thrilling story of love and betrayal.
s43,Movie,John Smith,"Actor C, Actor D",India,"September 25, 2021",1995,TV-MA,3 Seasons,TV Dramas,A comedy full of laughter and surprises.
s44,TV Show,Sophia Davis,"Actor E, Actor F",Australia,"September 25, 2021",1995,PG,90 min,Documentaries,A mystery that will keep you hooked till the end.
s45,TV Show,John Smith,"Actor C, Actor D",India,"September 25, 2021",1994,TV-MA,2 Seasons,Documentaries,A comedy full of laughter and surprises.
s46,Movie,John Smith,"Actor C, Actor D",India,"September 25, 2021",2007,PG,90 min,Documentaries,A thrilling story of love and betrayal.
s47,TV Show,Michael Johnson,"Actor I, Actor J",India,"September 25, 2021",2010,R,120 min,Documentaries,A drama exploring human emotions and struggles.
s48,Movie,John Smith,"Actor G, Actor H",Canada,"September 25, 2021",2010,PG,120 min,TV Mysteries,A documentary uncovering hidden truths.
s49,TV Show,Olivia Taylor,"Actor G, Actor H",United States,"September 25, 2021",1996,R,120 min,International TV Shows,An inspiring journey of friendship and courage.
s50,TV Show,Olivia Taylor,"Actor G, Actor H",United Kingdom,"September 25, 2021",1994,PG,1 Season,TV Dramas,A drama exploring human emotions and struggles.
s51,Movie,Daniel Wilson,"Actor G, Actor H",United Kingdom,"September 25, 2021",1996,TV-MA,120 min,Comedies,A thrilling story of love and betrayal.
s52,TV Show,Olivia Taylor,"Actor G, Actor H",India,"September 25, 2021",2004,R,120 min,TV Mysteries,A comedy full of laughter and surprises.
s53,Movie,Sophia Davis,"Actor I, Actor J",United States,"September 25, 2021",1998,PG,3 Seasons,TV Mysteries,A drama exploring human emotions and struggles.
s54,Movie,John Smith,"Actor C, Actor D",Canada,"September 25, 2021",2015,TV-MA,120 min,Romantic Movies,A mystery that will keep you hooked till the end.
s55,TV Show,Sophia Davis,"Actor G, Actor H",Germany,"September 25, 2021",2020,TV-MA,3 Seasons,Comedies,A mystery that will keep you hooked till the end.
s56,Movie,Olivia Taylor,"Actor C, Actor D",Germany,"September 25, 2021",2002,PG,90 min,Comedies,A comedy full of laughter and surprises.
s57,Movie,Michael Johnson,"Actor I, Actor J",India,"September 25, 2021",1997,R,2 Seasons,Comedies,An inspiring journey of friendship and courage.
s58,Movie,John Smith,"Actor G, Actor H",United States,"September 25, 2021",1993,R,2 Seasons,TV Mysteries,A thrilling story of love and betrayal.
s59,TV Show,John Smith,"Actor G, Actor H",United Kingdom,"September 25, 2021",2007,PG,2 Seasons,TV Mysteries,An inspiring journey of friendship and courage.
s60,TV Show,Sophia Davis,"Actor C, Actor D",Australia,"September 25, 2021",1997,R,3 Seasons,TV Dramas,A mystery that will keep you hooked till the end.
s61,Movie,Emma Brown,"Actor E, Actor F",United States,"September 25, 2021",2008,TV-MA,2 Seasons,Comedies,A thrilling story of love and betrayal.
s62,TV Show,Daniel Wilson,"Actor I, Actor J",India,"September 25, 2021",1999,R,90 min,TV Mysteries,A drama exploring human emotions and struggles.
s63,TV Show,Olivia Taylor,"Actor A, Actor B",United States,"September 25, 2021",1998,R,2 Seasons,TV Mysteries,A drama exploring human emotions and struggles.
s64,TV Show,Daniel Wilson,"Actor K, Actor L",Canada,"September 25, 2021",1991,PG,1 Season,Romantic Movies,A thrilling story of love and betrayal.
s65,TV Show,Olivia Taylor,"Actor I, Actor J",Canada,"September 25, 2021",1990,TV-MA,120 min,Documentaries,A comedy full of laughter and surprises.
s66,Movie,Sophia Davis,"Actor K, Actor L",United States,"September 25, 2021",2019,PG,3 Seasons,International TV Shows,A thrilling story of love and betrayal.
s67,Movie,Olivia Taylor,"Actor C, Actor D",United Kingdom,"September 25, 2021",2009,PG,1 Season,TV Mysteries,An inspiring journey of friendship and courage.
s68,TV Show,Olivia Taylor,"Actor A, Actor B",Germany,"September 25, 2021",2010,PG,1 Season,Comedies,A mystery that will keep you hooked till the end.
s69,Movie,Emma Brown,"Actor I, Actor J",India,"September 25, 2021",2005,R,3 Seasons,TV Mysteries,A documentary uncovering hidden truths.
s70,TV Show,Daniel Wilson,"Actor K, Actor L",Canada,"September 25, 2021",2017,PG,2 Seasons,Comedies,A comedy full of laughter and surprises.
s71,TV Show,Olivia Taylor,"Actor A, Actor B",United States,"September 25, 2021",1993,TV-MA,120 min,Action & Adventure,An inspiring journey of friendship and courage.
s72,Movie,John Smith,"Actor E, Actor F",Germany,"September 25, 2021",2006,TV-MA,2 Seasons,International TV Shows,A comedy full of laughter and surprises.
s73,Movie,John Smith,"Actor K, Actor L",United States,"September 25, 2021",2013,PG,2 Seasons,Romantic Movies,A documentary uncovering hidden truths.
s74,Movie,Emma Brown,"Actor K, Actor L",United Kingdom,"September 25, 2021",1995,R,120 min,Comedies,A comedy full of laughter and surprises.
s75,TV Show,John Smith,"Actor I, Actor J",United Kingdom,"September 25, 2021",2006,R,3 Seasons,TV Dramas,A mystery that will keep you hooked till the end.
s76,Movie,Daniel Wilson,"Actor C, Actor D",United States,"September 25, 2021",2005,TV-MA,120 min,Action & Adventure,A thrilling story of love and betrayal.
s77,Movie,Emma Brown,"Actor G, Actor H",Canada,"September 25, 2021",2018,R,3 Seasons,TV Mysteries,A drama exploring human emotions and struggles.
s78,Movie,Olivia Taylor,"Actor G, Actor H",United Kingdom,"September 25, 2021",2002,PG,2 Seasons,Action & Adventure,An inspiring journey of friendship and courage.
s79,TV Show,John Smith,"Actor I, Actor J",India,"September 25, 2021",1994,TV-MA,2 Seasons,International TV Shows,A mystery that will keep you hooked till the end.
s80,Movie,Emma Brown,"Actor K, Actor L",Canada,"September 25, 2021",2014,R,120 min,Action & Adventure,An inspiring journey of friendship and courage.
s81,TV Show,Daniel Wilson,"Actor G, Actor H",Canada,"September 25, 2021",2010,R,2 Seasons,Action & Adventure,A documentary uncovering hidden truths.
s82,Movie,Sophia Davis,"Actor E, Actor F",United States,"September 25, 2021",2010,R,2 Seasons,Comedies,A drama exploring human emotions and struggles.
s83,TV Show,John Smith,"Actor E, Actor F",United States,"September 25, 2021",1995,R,90 min,TV Dramas,A documentary uncovering hidden truths.
s84,Movie,Daniel Wilson,"Actor E, Actor F",United Kingdom,"September 25, 2021",2009,TV-MA,2 Seasons,International TV Shows,A comedy full of laughter and surprises.
s85,Movie,Olivia Taylor,"Actor E, Actor F",United States,"September 25, 2021",1997,PG,120 min,International TV Shows,A mystery that will keep you hooked till the end.
s86,TV Show,Emma Brown,"Actor K, Actor L",Germany,"September 25, 2021",2004,TV-MA,2 Seasons,TV Mysteries,A drama exploring human emotions and struggles.
s87,Movie,Daniel Wilson,"Actor I, Actor J",Germany,"September 25, 2021",2005,TV-MA,3 Seasons,TV Mysteries,A mystery that will keep you hooked till the end.
s88,TV Show,Daniel Wilson,"Actor C, Actor D",India,"September 25, 2021",1999,R,90 min,Comedies,A drama exploring human emotions and struggles.
s89,Movie,Sophia Davis,"Actor I, Actor J",United Kingdom,"September 25, 2021",2013,R,90 min,TV Mysteries,A drama exploring human emotions and struggles.
s90,TV Show,Emma Brown,"Actor K, Actor L",Germany,"September 25, 2021",1997,TV-MA,90 min,Romantic Movies,A comedy full of laughter and surprises.
s91,TV Show,Michael Johnson,"Actor I, Actor J",Canada,"September 25, 2021",1997,TV-MA,2 Seasons,Action & Adventure,A documentary uncovering hidden truths.
s92,Movie,Daniel Wilson,"Actor I, Actor J",Australia,"September 25, 2021",1990,R,90 min,TV Dramas,A documentary uncovering hidden truths.
s93,TV Show,Michael Johnson,"Actor K, Actor L",United States,"September 25, 2021",2004,R,3 Seasons,Romantic Movies,A mystery that will keep you hooked till the end.
s94,Movie,Olivia Taylor,"Actor A, Actor B",United Kingdom,"September 25, 2021",2012,R,120 min,Documentaries,A comedy full of laughter and surprises.
s95,TV Show,Emma Brown,"Actor C, Actor D",Canada,"September 25, 2021",2007,PG,2 Seasons,TV Dramas,A drama exploring human emotions and struggles.
s96,TV Show,Daniel Wilson,"Actor G, Actor H",Australia,"September 25, 2021",2009,TV-MA,90 min,TV Mysteries,A comedy full of laughter and surprises.
s97,Movie,John Smith,"Actor C, Actor D",Canada,"September 25, 2021",2002,R,120 min,Documentaries,A comedy full of laughter and surprises.
s98,TV Show,Michael Johnson,"Actor I, Actor J",United Kingdom,"September 25, 2021",2019,PG,90 min,Romantic Movies,A drama exploring human emotions and struggles.
s99,Movie,John Smith,"Actor K, Actor L",United States,"September 25, 2021",2010,PG,90 min,Documentaries,A comedy full of laughter and surprises.
s100,Movie,John Smith,"Actor A, Actor B",India,"September 25, 2021",1997,PG,3 Seasons,Romantic Movies,A thrilling story of love and betrayal.
s101,TV Show,Emma Brown,"Actor E, Actor F",India,"September 25, 2021",2004,R,3 Seasons,Comedies,An inspiring journey of friendship and courage.
s102,TV Show,John Smith,"Actor C, Actor D",India,"September 25, 2021",1991,TV-MA,90 min,Action & Adventure,A comedy full of laughter and surprises.
s103,TV Show,Sophia Davis,"Actor G, Actor H",United Kingdom,"September 25, 2021",1991,TV-MA,3 Seasons,Documentaries,A mystery that will keep you hooked till the end.
s104,Movie,Emma Brown,"Actor G, Actor H",Canada,"September 25, 2021",2015,TV-MA,2 Seasons,Romantic Movies,A comedy full of laughter and surprises.
s105,TV Show,Olivia Taylor,"Actor E, Actor F",United States,"September 25, 2021",1991,PG,3 Seasons,Comedies,A drama exploring human emotions and struggles.
s106,TV Show,Emma Brown,"Actor I, Actor J",Germany,"September 25, 2021",2020,TV-MA,1 Season,Documentaries,A drama exploring human emotions and struggles.
s107,Movie,John Smith,"Actor A, Actor B",Canada,"September 25, 2021",1997,R,90 min,Comedies,A comedy full of laughter and surprises.
s108,TV Show,Sophia Davis,"Actor G, Actor H",Germany,"September 25, 2021",1993,TV-MA,2 Seasons,Romantic Movies,A thrilling story of love and betrayal.
s109,Movie,Olivia Taylor,"Actor A, Actor B",Germany,"September 25, 2021",2016,R,120 min,Documentaries,A comedy full of laughter and surprises.
s110,TV Show,Emma Brown,"Actor K, Actor L",India,"September 25, 2021",2021,TV-MA,2 Seasons,TV Mysteries,A comedy full of laughter and surprises.
s111,TV Show,Emma Brown,"Actor K, Actor L",United Kingdom,"September 25, 2021",1993,PG,1 Season,Romantic Movies,A mystery that will keep you hooked till the end.
s112,TV Show,Michael Johnson,"Actor G, Actor H",India,"September 25, 2021",2010,PG,90 min,TV Dramas,A thrilling story of love and betrayal.
s113,Movie,Michael Johnson,"Actor K, Actor L",Australia,"September 25, 2021",2003,TV-MA,2 Seasons,Romantic Movies,A thrilling story of love and betrayal.
s114,Movie,John Smith,"Actor K, Actor L",Germany,"September 25, 2021",2014,PG,120 min,Comedies,A mystery that will keep you hooked till the end.
s115,Movie,Olivia Taylor,"Actor E, Actor F",India,"September 25, 2021",2010,R,3 Seasons,Romantic Movies,A documentary uncovering hidden truths.
s116,Movie,Olivia Taylor,"Actor A, Actor B",United States,"September 25, 2021",1993,R,120 min,Action & Adventure,A drama exploring human emotions and struggles.
s117,Movie,Michael Johnson,"Actor C, Actor D",India,"September 25, 2021",2020,R,90 min,TV Dramas,A documentary uncovering hidden truths.
s118,TV Show,John Smith,"Actor G, Actor H",Germany,"September 25, 2021",1992,PG,90 min,TV Dramas,An inspiring journey of friendship and courage.
s119,TV Show,Emma Brown,"Actor A, Actor B",Australia,"September 25, 2021",2015,PG,2 Seasons,Documentaries,A drama exploring human emotions and struggles.
s120,Movie,John Smith,"Actor I, Actor J",India,"September 25, 2021",2009,TV-MA,120 min,Documentaries,A mystery that will keep you hooked till the end.
s121,TV Show,Olivia Taylor,"Actor C, Actor D",India,"September 25, 2021",2007,TV-MA,2 Seasons,TV Mysteries,A thrilling story of love and betrayal.
s122,Movie,John Smith,"Actor K, Actor L",Australia,"September 25, 2021",2018,R,3 Seasons,TV Dramas,A drama exploring human emotions and struggles.
s123,TV Show,Olivia Taylor,"Actor A, Actor B",India,"September 25, 2021",2006,R,120 min,International TV Shows,A comedy full of laughter and surprises.
s124,TV Show,Sophia Davis,"Actor A, Actor B",Canada,"September 25, 2021",2016,PG,2 Seasons,TV Dramas,A comedy full of laughter and surprises.
s125,Movie,Daniel Wilson,"Actor K, Actor L",United Kingdom,"September 25, 2021",2009,R,2 Seasons,TV Mysteries,A documentary uncovering hidden truths.
s126,Movie,Olivia Taylor,"Actor I, Actor J",United Kingdom,"September 25, 2021",1994,PG,2 Seasons,Romantic Movies,A comedy full of laughter and surprises.
s127,TV Show,John Smith,"Actor E, Actor F",United Kingdom,"September 25, 2021",2011,R,3 Seasons,TV Mysteries,A drama exploring human emotions and struggles.
s128,Movie,John Smith,"Actor C, Actor D",Australia,"September 25, 2021",2005,R,1 Season,Romantic Movies,A thrilling story of love and betrayal.
s129,Movie,Sophia Davis,"Actor C, Actor D",India,"September 25, 2021",2015,TV-MA,2 Seasons,Documentaries,A comedy full of laughter and surprises.
s130,Movie,Michael Johnson,"Actor A, Actor B",United Kingdom,"September 25, 2021",2019,R,3 Seasons,Comedies,A documentary uncovering hidden truths.
s131,TV Show,Michael Johnson,"Actor I, Actor J",Germany,"September 25, 2021",2005,R,90 min,Romantic Movies,An inspiring journey of friendship and courage.
s132,Movie,Sophia Davis,"Actor E, Actor F",United States,"September 25, 2021",2006,PG,1 Season,International TV Shows,A documentary uncovering hidden truths.
s133,TV Show,Michael Johnson,"Actor I, Actor J",Germany,"September 25, 2021",2005,TV-MA,120 min,TV Mysteries,A documentary uncovering hidden truths.
s134,TV Show,Olivia Taylor,"Actor A, Actor B",United States,"September 25, 2021",2011,PG,90 min,Documentaries,A drama exploring human emotions and struggles.
s135,TV Show,Sophia Davis,"Actor G, Actor H",Australia,"September 25, 2021",2021,R,1 Season,Documentaries,A thrilling story of love and betrayal.
s136,Movie,Olivia Taylor,"Actor I, Actor J",United States,"September 25, 2021",1990,PG,3 Seasons,International TV Shows,A thrilling story of love and betrayal.
s137,TV Show,Emma Brown,"Actor I, Actor J",Germany,"September 25, 2021",1996,PG,120 min,Action & Adventure,A comedy full of laughter and surprises.
s138,Movie,Sophia Davis,"Actor A, Actor B",Australia,"September 25, 2021",2009,PG,90 min,International TV Shows,A thrilling story of love and betrayal.
s139,TV Show,Michael Johnson,"Actor G, Actor H",United States,"September 25, 2021",2016,TV-MA,90 min,TV Mysteries,A comedy full of laughter and surprises.
s140,Movie,Olivia Taylor,"Actor K, Actor L",Germany,"September 25, 2021",2000,PG,1 Season,TV Dramas,An inspiring journey of friendship and courage.
s141,Movie,John Smith,"Actor A, Actor B",India,"September 25, 2021",1998,R,3 Seasons,Comedies,A thrilling story of love and betrayal.
s142,TV Show,Michael Johnson,"Actor K, Actor L",United Kingdom,"September 25, 2021",2000,TV-MA,1 Season,Action & Adventure,A mystery that will keep you hooked till the end.
s143,TV Show,John Smith,"Actor G, Actor H",United States,"September 25, 2021",2014,R,90 min,Documentaries,A comedy full of laughter and surprises.
s144,TV Show,Emma Brown,"Actor E, Actor F",United Kingdom,"September 25, 2021",1996,R,1 Season,TV Dramas,A documentary uncovering hidden truths.
s145,TV Show,Daniel Wilson,"Actor K, Actor L",Canada,"September 25, 2021",2004,TV-MA,2 Seasons,Romantic Movies,A drama exploring human emotions and struggles.
s146,TV Show,Daniel Wilson,"Actor K, Actor L",United Kingdom,"September 25, 2021",2017,PG,3 Seasons,International TV Shows,A comedy full of laughter and surprises.
s147,Movie,Michael Johnson,"Actor E, Actor F",Germany,"September 25, 2021",1997,PG,90 min,Documentaries,A mystery that will keep you hooked till the end.
s148,Movie,Daniel Wilson,"Actor A, Actor B",Canada,"September 25, 2021",2021,PG,3 Seasons,Action & Adventure,A drama exploring human emotions and struggles.
s149,TV Show,Daniel Wilson,"Actor A, Actor B",United States,"September 25, 2021",2014,PG,90 min,Romantic Movies,An inspiring journey of friendship and courage.
s150,Movie,John Smith,"Actor I, Actor J",United States,"September 25, 2021",2011,PG,120 min,TV Dramas,A comedy full of laughter and surprises.
s151,TV Show,Olivia Taylor,"Actor E, Actor F",Australia,"September 25, 2021",2003,PG,3 Seasons,TV Dramas,A documentary uncovering hidden truths.
s152,TV Show,John Smith,"Actor E, Actor F",Canada,"September 25, 2021",1992,TV-MA,2 Seasons,Comedies,A comedy full of laughter and surprises.
s153,Movie,Michael Johnson,"Actor K, Actor L",Canada,"September 25, 2021",2010,R,120 min,TV Dramas,A mystery that will keep you hooked till the end.
s154,Movie,John Smith,"Actor K, Actor L",United Kingdom,"September 25, 2021",1996,TV-MA,2 Seasons,Romantic Movies,An inspiring journey of friendship and courage.
s155,TV Show,John Smith,"Actor K, Actor L",United States,"September 25, 2021",2005,PG,1 Season,Documentaries,A thrilling story of love and betrayal.
s156,TV Show,Daniel Wilson,"Actor C, Actor D",Australia,"September 25, 2021",1991,PG,3 Seasons,TV Dramas,A documentary uncovering hidden truths.
s157,Movie,Michael Johnson,"Actor A, Actor B",Germany,"September 25, 2021",2011,TV-MA,2 Seasons,Action & Adventure,A mystery that will keep you hooked till the end.
s158,Movie,Olivia Taylor,"Actor C, Actor D",United Kingdom,"September 25, 2021",2004,TV-MA,1 Season,Action & Adventure,A documentary uncovering hidden truths.
s159,TV Show,Daniel Wilson,"Actor K, Actor L",Canada,"September 25, 2021",1995,PG,1 Season,TV Dramas,An inspiring journey of friendship and courage.
s160,TV Show,Michael Johnson,"Actor K, Actor L",United Kingdom,"September 25, 2021",2005,R,2 Seasons,Documentaries,An inspiring journey of friendship and courage.
s161,TV Show,Michael Johnson,"Actor I, Actor J",United Kingdom,"September 25, 2021",2015,R,120 min,Comedies,A mystery that will keep you hooked till the end.
s162,Movie,Daniel Wilson,"Actor G, Actor H",United Kingdom,"September 25, 2021",2007,R,90 min,TV Dramas,A comedy full of laughter and surprises.
s163,Movie,Sophia Davis,"Actor K, Actor L",India,"September 25, 2021",1998,TV-MA,90 min,International TV Shows,A documentary uncovering hidden truths.
s164,TV Show,Olivia Taylor,"Actor G, Actor H",Canada,"September 25, 2021",1995,TV-MA,120 min,Action & Adventure,A documentary uncovering hidden truths.
s165,Movie,Michael Johnson,"Actor E, Actor F",Canada,"September 25, 2021",1998,PG,3 Seasons,Documentaries,A thrilling story of love and betrayal.
s166,TV Show,Sophia Davis,"Actor A, Actor B",Australia,"September 25, 2021",1996,R,2 Seasons,International TV Shows,An inspiring journey of friendship and courage.
s167,Movie,Daniel Wilson,"Actor E, Actor F",Canada,"September 25, 2021",2002,R,1 Season,Comedies,A comedy full of laughter and surprises.
s168,TV Show,Daniel Wilson,"Actor G, Actor H",Germany,"September 25, 2021",2006,PG,2 Seasons,TV Mysteries,A comedy full of laughter and surprises.
s169,TV Show,Olivia Taylor,"Actor G, Actor H",Germany,"September 25, 2021",1995,PG,90 min,Documentaries,A documentary uncovering hidden truths.
s170,Movie,John Smith,"Actor A, Actor B",Germany,"September 25, 2021",2017,R,2 Seasons,Action & Adventure,A comedy full of laughter and surprises.
s171,Movie,Michael Johnson,"Actor I, Actor J",Germany,"September 25, 2021",1997,R,90 min,Action & Adventure,A drama exploring human emotions and struggles.
s172,Movie,Sophia Davis,"Actor A, Actor B",Germany,"September 25, 2021",2005,PG,90 min,Comedies,A thrilling story of love and betrayal.
s173,TV Show,Sophia Davis,"Actor A, Actor B",United States,"September 25, 2021",1994,R,2 Seasons,TV Mysteries,A thrilling story of love and betrayal.
s174,TV Show,Michael Johnson,"Actor I, Actor J",United States,"September 25, 2021",2012,TV-MA,90 min,International TV Shows,A comedy full of laughter and surprises.
s175,TV Show,Olivia Taylor,"Actor A, Actor B",India,"September 25, 2021",1996,TV-MA,90 min,Documentaries,An inspiring journey of friendship and courage.
s176,TV Show,Daniel Wilson,"Actor E, Actor F",Germany,"September 25, 2021",2016,R,90 min,Action & Adventure,A documentary uncovering hidden truths.
s177,Movie,Olivia Taylor,"Actor A, Actor B",Australia,"September 25, 2021",1998,TV-MA,1 Season,TV Mysteries,An inspiring journey of friendship and courage.
s178,Movie,Sophia Davis,"Actor E, Actor F",United States,"September 25, 2021",2000,TV-MA,3 Seasons,Documentaries,A mystery that will keep you hooked till the end.
s179,Movie,Olivia Taylor,"Actor G, Actor H",United States,"September 25, 2021",2001,TV-MA,90 min,Documentaries,A mystery that will keep you hooked till the end.
s180,TV Show,Emma Brown,"Actor E, Actor F",Canada,"September 25, 2021",2003,R,90 min,Action & Adventure,An inspiring journey of friendship and courage.
s181,Movie,Michael Johnson,"Actor C, Actor D",Germany,"September 25, 2021",1998,PG,120 min,TV Dramas,A drama exploring human emotions and struggles.
s182,Movie,Emma Brown,"Actor K, Actor L",Australia,"September 25, 2021",1994,TV-MA,120 min,Documentaries,A documentary uncovering hidden truths.
s183,Movie,Michael Johnson,"Actor E, Actor F",Germany,"September 25, 2021",2019,PG,90 min,Comedies,A comedy full of laughter and surprises.
s184,TV Show,Michael Johnson,"Actor I, Actor J",Canada,"September 25, 2021",2014,TV-MA,2 Seasons,International TV Shows,A drama exploring human emotions and struggles.
s185,Movie,John Smith,"Actor A, Actor B",Australia,"September 25, 2021",2004,R,2 Seasons,Action & Adventure,A drama exploring human emotions and struggles.
s186,TV Show,Emma Brown,"Actor A, Actor B",India,"September 25, 2021",2002,PG,3 Seasons,Action & Adventure,A thrilling story of love and betrayal.
s187,TV Show,Sophia Davis,"Actor C, Actor D",India,"September 25, 2021",1997,TV-MA,120 min,Documentaries,A mystery that will keep you hooked till the end.
s188,TV Show,Sophia Davis,"Actor K, Actor L",Canada,"September 25, 2021",2014,R,2 Seasons,TV Dramas,A documentary uncovering hidden truths.
s189,TV Show,John Smith,"Actor I, Actor J",India,"September 25, 2021",1996,TV-MA,3 Seasons,Comedies,A thrilling story of love and betrayal.
s190,Movie,Olivia Taylor,"Actor G, Actor H",United Kingdom,"September 25, 2021",2012,PG,2 Seasons,TV Dramas,A comedy full of laughter and surprises.
s191,TV Show,John Smith,"Actor C, Actor D",United Kingdom,"September 25, 2021",2003,TV-MA,3 Seasons,International TV Shows,A drama exploring human emotions and struggles.
s192,Movie,John Smith,"Actor A, Actor B",Canada,"September 25, 2021",2017,R,3 Seasons,Documentaries,A drama exploring human emotions and struggles.
s193,Movie,John Smith,"Actor K, Actor L",India,"September 25, 2021",2008,PG,90 min,TV Mysteries,A thrilling story of love and betrayal.
s194,Movie,Emma Brown,"Actor E, Actor F",United States,"September 25, 2021",2011,TV-MA,90 min,Comedies,A thrilling story of love and betrayal.
s195,Movie,Olivia Taylor,"Actor I, Actor J",Australia,"September 25, 2021",2007,PG,1 Season,Documentaries,A comedy full of laughter and surprises.
s196,TV Show,Daniel Wilson,"Actor E, Actor F",India,"September 25, 2021",1996,R,2 Seasons,Action & Adventure,An inspiring journey of friendship and courage.
s197,Movie,Emma Brown,"Actor G, Actor H",India,"September 25, 2021",2012,TV-MA,1 Season,Romantic Movies,An inspiring journey of friendship and courage.
s198,Movie,Michael Johnson,"Actor I, Actor J",United Kingdom,"September 25, 2021",1992,TV-MA,3 Seasons,TV Mysteries,A documentary uncovering hidden truths.
s199,Movie,Sophia Davis,"Actor E, Actor F",Germany,"September 25, 2021",2011,PG,2 Seasons,TV Mysteries,A documentary uncovering hidden truths.
s200,Movie,Sophia Davis,"Actor C, Actor D",United Kingdom,"September 25, 2021",2018,PG,1 Season,International TV Shows,A documentary uncovering hidden truths.
s201,Movie,Emma Brown,"Actor A, Actor B",India,"September 25, 2021",2000,TV-MA,120 min,Romantic Movies,A thrilling story of love and betrayal.
s202,Movie,Michael Johnson,"Actor C, Actor D",Canada,"September 25, 2021",2003,R,120 min,TV Dramas,A comedy full of laughter and surprises.
s203,TV Show,Daniel Wilson,"Actor C, Actor D",United Kingdom,"September 25, 2021",2016,PG,1 Season,TV Dramas,An inspiring journey of friendship and courage.
s204,TV Show,John Smith,"Actor A, Actor B",United States,"September 25, 2021",1991,PG,120 min,TV Mysteries,A comedy full of laughter and surprises.
s205,TV Show,Daniel Wilson,"Actor A, Actor B",United States,"September 25, 2021",2006,PG,120 min,Romantic Movies,A comedy full of laughter and surprises.
s206,Movie,Sophia Davis,"Actor I, Actor J",United States,"September 25, 2021",2003,TV-MA,120 min,International TV Shows,A mystery that will keep you hooked till the end.
s207,Movie,Emma Brown,"Actor A, Actor B",Australia,"September 25, 2021",1995,PG,120 min,TV Dramas,A comedy full of laughter and surprises.
s208,Movie,Olivia Taylor,"Actor G, Actor H",Germany,"September 25, 2021",2018,R,120 min,TV Dramas,A comedy full of laughter and surprises.
s209,Movie,Michael Johnson,"Actor E, Actor F",United Kingdom,"September 25, 2021",2001,R,120 min,Comedies,A drama exploring human emotions and struggles.
s210,TV Show,Emma Brown,"Actor G, Actor H",Canada,"September 25, 2021",2002,R,90 min,Comedies,A mystery that will keep you hooked till the end.
s211,TV Show,Olivia Taylor,"Actor A, Actor B",Germany,"September 25, 2021",2021,TV-MA,2 Seasons,International TV Shows,A drama exploring human emotions and struggles.
s212,Movie,Michael Johnson,"Actor A, Actor B",Germany,"September 25, 2021",2018,R,90 min,Romantic Movies,A drama exploring human emotions and struggles.
s213,Movie,Sophia Davis,"Actor E, Actor F",India,"September 25, 2021",2013,TV-MA,2 Seasons,TV Dramas,An inspiring journey of friendship and courage.
s214,TV Show,Daniel Wilson,"Actor G, Actor H",United Kingdom,"September 25, 2021",1998,TV-MA,3 Seasons,Comedies,A documentary uncovering hidden truths.
s215,Movie,Olivia Taylor,"Actor I, Actor J",United States,"September 25, 2021",2016,PG,2 Seasons,TV Dramas,A drama exploring human emotions and struggles.
s216,TV Show,Emma Brown,"Actor E, Actor F",Germany,"September 25, 2021",2005,R,120 min,TV Dramas,A thrilling story of love and betrayal.
s217,Movie,Emma Brown,"Actor E, Actor F",United States,"September 25, 2021",1992,R,1 Season,International TV Shows,A drama exploring human emotions and struggles.
s218,TV Show,Daniel Wilson,"Actor C, Actor D",Australia,"September 25, 2021",2018,R,90 min,TV Mysteries,A mystery that will keep you hooked till the end.
s219,TV Show,Daniel Wilson,"Actor A, Actor B",Australia,"September 25, 2021",1991,TV-MA,3 Seasons,Action & Adventure,An inspiring journey of friendship and courage.
s220,Movie,Olivia Taylor,"Actor C, Actor D",Germany,"September 25, 2021",2002,PG,2 Seasons,Comedies,A mystery that will keep you hooked till the end.
s221,TV Show,Michael Johnson,"Actor E, Actor F",United Kingdom,"September 25, 2021",2014,PG,1 Season,TV Mysteries,A thrilling story of love and betrayal.
s222,TV Show,Sophia Davis,"Actor I, Actor J",Australia,"September 25, 2021",2003,PG,2 Seasons,Documentaries,A thrilling story of love and betrayal.
s223,TV Show,Daniel Wilson,"Actor A, Actor B",United Kingdom,"September 25, 2021",2014,R,2 Seasons,Romantic Movies,An inspiring journey of friendship and courage.
s224,Movie,John Smith,"Actor K, Actor L",India,"September 25, 2021",2017,PG,120 min,Action & Adventure,A drama exploring human emotions and struggles.
s225,TV Show,Sophia Davis,"Actor I, Actor J",Germany,"September 25, 2021",2000,TV-MA,120 min,Romantic Movies,A mystery that will keep you hooked till the end.
s226,TV Show,Daniel Wilson,"Actor A, Actor B",United Kingdom,"September 25, 2021",1995,R,3 Seasons,Romantic Movies,A drama exploring human emotions and struggles.
s227,Movie,Daniel Wilson,"Actor I, Actor J",United Kingdom,"September 25, 2021",1998,TV-MA,2 Seasons,Action & Adventure,A thrilling story of love and betrayal.
s228,Movie,Olivia Taylor,"Actor A, Actor B",Germany,"September 25, 2021",2002,R,90 min,Romantic Movies,A thrilling story of love and betrayal.
s229,Movie,Michael Johnson,"Actor K, Actor L",Germany,"September 25, 2021",2019,PG,3 Seasons,Comedies,A thrilling story of love and betrayal.
s230,TV Show,Olivia Taylor,"Actor I, Actor J",Germany,"September 25, 2021",2006,PG,3 Seasons,Comedies,A documentary uncovering hidden truths.
s231,Movie,Emma Brown,"Actor E, Actor F",United States,"September 25, 2021",2012,TV-MA,3 Seasons,Action & Adventure,A mystery that will keep you hooked till the end.
s232,Movie,Olivia Taylor,"Actor A, Actor B",Canada,"September 25, 2021",2000,R,3 Seasons,Romantic Movies,A thrilling story of love and betrayal.
s233,Movie,Michael Johnson,"Actor K, Actor L",Germany,"September 25, 2021",1998,PG,120 min,International TV Shows,An inspiring journey of friendship and courage.
s234,TV Show,Emma Brown,"Actor K, Actor L",United States,"September 25, 2021",2006,R,3 Seasons,Romantic Movies,A drama exploring human emotions and struggles.
s235,Movie,Michael Johnson,"Actor I, Actor J",Australia,"September 25, 2021",2019,R,120 min,Documentaries,A comedy full of laughter and surprises.
s236,Movie,Daniel Wilson,"Actor E, Actor F",India,"September 25, 2021",1990,TV-MA,90 min,Action & Adventure,A thrilling story of love and betrayal.
s237,TV Show,Daniel Wilson,"Actor G, Actor H",Germany,"September 25, 2021",2001,R,3 Seasons,Romantic Movies,An inspiring journey of friendship and courage.
s238,TV Show,Daniel Wilson,"Actor C, Actor D",United States,"September 25, 2021",2009,R,1 Season,Romantic Movies,A mystery that will keep you hooked till the end.
s239,Movie,Emma Brown,"Actor G, Actor H",Canada,"September 25, 2021",2021,PG,3 Seasons,TV Dramas,A documentary uncovering hidden truths.
s240,TV Show,Sophia Davis,"Actor K, Actor L",India,"September 25, 2021",2018,TV-MA,3 Seasons,Action & Adventure,A drama exploring human emotions and struggles.
s241,TV Show,Michael Johnson,"Actor K, Actor L",Germany,"September 25, 2021",2004,TV-MA,3 Seasons,Documentaries,A comedy full of laughter and surprises.
s242,Movie,Daniel Wilson,"Actor C, Actor D",United Kingdom,"September 25, 2021",1999,TV-MA,120 min,Comedies,An inspiring journey of friendship and courage.
s243,TV Show,Daniel Wilson,"Actor K, Actor L",Germany,"September 25, 2021",2021,PG,90 min,Action & Adventure,An inspiring journey of friendship and courage.
s244,Movie,John Smith,"Actor E, Actor F",Canada,"September 25, 2021",2018,PG,1 Season,Romantic Movies,A thrilling story of love and betrayal.
s245,Movie,Emma Brown,"Actor I, Actor J",United States,"September 25, 2021",1995,TV-MA,2 Seasons,Documentaries,A comedy full of laughter and surprises.
s246,TV Show,Michael Johnson,"Actor E, Actor F",United States,"September 25, 2021",1991,R,3 Seasons,Action & Adventure,A documentary uncovering hidden truths.
s247,TV Show,Emma Brown,"Actor I, Actor J",Germany,"September 25, 2021",2003,PG,2 Seasons,Documentaries,A thrilling story of love and betrayal.
s248,Movie,Sophia Davis,"Actor G, Actor H",Australia,"September 25, 2021",2000,PG,120 min,International TV Shows,A mystery that will keep you hooked till the end.
s249,TV Show,John Smith,"Actor E, Actor F",Australia,"September 25, 2021",2015,R,1 Season,International TV Shows,An inspiring journey of friendship and courage.
s250,Movie,Emma Brown,"Actor E, Actor F",Australia,"September 25, 2021",1990,R,3 Seasons,Documentaries,An inspiring journey of friendship and courage.
s251,Movie,Michael Johnson,"Actor G, Actor H",United Kingdom,"September 25, 2021",2008,R,120 min,TV Mysteries,A comedy full of laughter and surprises.
s252,TV Show,Emma Brown,"Actor E, Actor F",Germany,"September 25, 2021",1995,TV-MA,2 Seasons,Action & Adventure,A drama exploring human emotions and struggles.
s253,Movie,Sophia Davis,"Actor C, Actor D",India,"September 25, 2021",2006,R,2 Seasons,TV Dramas,A drama exploring human emotions and struggles.
s254,TV Show,Olivia Taylor,"Actor A, Actor B",Germany,"September 25, 2021",2011,PG,3 Seasons,Documentaries,An inspiring journey of friendship and courage.
s255,Movie,Michael Johnson,"Actor K, Actor L",Canada,"September 25, 2021",2007,PG,90 min,Documentaries,An inspiring journey of friendship and courage.
s256,Movie,Sophia Davis,"Actor A, Actor B",Germany,"September 25, 2021",2010,TV-MA,90 min,TV Dramas,A drama exploring human emotions and struggles.
s257,Movie,Daniel Wilson,"Actor I, Actor J",United States,"September 25, 2021",2015,PG,2 Seasons,Action & Adventure,A drama exploring human emotions and struggles.
s258,TV Show,Daniel Wilson,"Actor G, Actor H",United States,"September 25, 2021",2014,R,1 Season,Comedies,A thrilling story of love and betrayal.
s259,Movie,Michael Johnson,"Actor A, Actor B",Australia,"September 25, 2021",1995,TV-MA,90 min,Documentaries,A drama exploring human emotions and struggles.
s260,TV Show,Daniel Wilson,"Actor K, Actor L",United Kingdom,"September 25, 2021",2006,PG,1 Season,TV Mysteries,A documentary uncovering hidden truths.
s261,Movie,Olivia Taylor,"Actor K, Actor L",United Kingdom,"September 25, 2021",2009,PG,3 Seasons,International TV Shows,A comedy full of laughter and surprises.
s262,TV Show,Michael Johnson,"Actor I, Actor J",United States,"September 25, 2021",2007,R,120 min,TV Mysteries,A documentary uncovering hidden truths.
s263,TV Show,John Smith,"Actor A, Actor B",Australia,"September 25, 2021",2020,PG,2 Seasons,TV Dramas,A documentary uncovering hidden truths.
s264,TV Show,Emma Brown,"Actor I, Actor J",United States,"September 25, 2021",2020,R,120 min,International TV Shows,An inspiring journey of friendship and courage.
s265,Movie,Sophia Davis,"Actor C, Actor D",Australia,"September 25, 2021",2020,PG,120 min,Documentaries,A documentary uncovering hidden truths.
s266,TV Show,Michael Johnson,"Actor I, Actor J",Germany,"September 25, 2021",2018,PG,90 min,TV Dramas,An inspiring journey of friendship and courage.
s267,Movie,Emma Brown,"Actor C, Actor D",United Kingdom,"September 25, 2021",1998,PG,90 min,TV Mysteries,A thrilling story of love and betrayal.
s268,TV Show,Michael Johnson,"Actor G, Actor H",Canada,"September 25, 2021",2003,TV-MA,120 min,International TV Shows,A drama exploring human emotions and struggles.
s269,Movie,Olivia Taylor,"Actor K, Actor L",Australia,"September 25, 2021",1998,R,120 min,TV Dramas,An inspiring journey of friendship and courage.
s270,TV Show,John Smith,"Actor I, Actor J",United Kingdom,"September 25, 2021",2010,R,120 min,International TV Shows,A mystery that will keep you hooked till the end.
s271,TV Show,Michael Johnson,"Actor E, Actor F",United States,"September 25, 2021",1990,R,90 min,International TV Shows,A comedy full of laughter and surprises.
s272,TV Show,Michael Johnson,"Actor A, Actor B",India,"September 25, 2021",2016,PG,3 Seasons,TV Dramas,A thrilling story of love and betrayal.
s273,TV Show,Emma Brown,"Actor E, Actor F",Australia,"September 25, 2021",2014,PG,2 Seasons,TV Mysteries,A comedy full of laughter and surprises.
s274,TV Show,John Smith,"Actor K, Actor L",Australia,"September 25, 2021",1994,R,3 Seasons,TV Dramas,A documentary uncovering hidden truths.
s275,TV Show,Daniel Wilson,"Actor E, Actor F",Australia,"September 25, 2021",2019,R,2 Seasons,TV Mysteries,A thrilling story of love and betrayal.
s276,TV Show,Sophia Davis,"Actor A, Actor B",Australia,"September 25, 2021",2000,TV-MA,90 min,TV Mysteries,A drama exploring human emotions and struggles.
s277,Movie,Sophia Davis,"Actor C, Actor D",Australia,"September 25, 2021",1991,TV-MA,2 Seasons,International TV Shows,A drama exploring human emotions and struggles.
s278,Movie,Olivia Taylor,"Actor C, Actor D",United States,"September 25, 2021",2014,PG,3 Seasons,Romantic Movies,A documentary uncovering hidden truths.
s279,Movie,John Smith,"Actor E, Actor F",Australia,"September 25, 2021",2005,R,90 min,TV Mysteries,An inspiring journey of friendship and courage.
s280,Movie,Sophia Davis,"Actor A, Actor B",India,"September 25, 2021",2002,PG,3 Seasons,Comedies,A comedy full of laughter and surprises.
s281,TV Show,Olivia Taylor,"Actor C, Actor D",United Kingdom,"September 25, 2021",1993,R,120 min,TV Dramas,A mystery that will keep you hooked till the end.
s282,TV Show,John Smith,"Actor I, Actor J",India,"September 25, 2021",2004,R,120 min,Comedies,An inspiring journey of friendship and courage.
s283,TV Show,Daniel Wilson,"Actor E, Actor F",Australia,"September 25, 2021",2008,TV-MA,1 Season,Comedies,A documentary uncovering hidden truths.
s284,Movie,Emma Brown,"Actor I, Actor J",Canada,"September 25, 2021",2015,R,120 min,TV Mysteries,A documentary uncovering hidden truths.
s285,Movie,John Smith,"Actor C, Actor D",United Kingdom,"September 25, 2021",1998,TV-MA,120 min,Romantic Movies,A thrilling story of love and betrayal.
s286,Movie,Olivia Taylor,"Actor C, Actor D",India,"September 25, 2021",2015,PG,90 min,TV Mysteries,An inspiring journey of friendship and courage.
s287,Movie,Michael Johnson,"Actor G, Actor H",Australia,"September 25, 2021",1994,PG,1 Season,TV Mysteries,An inspiring journey of friendship and courage.
s288,Movie,John Smith,"Actor C, Actor D",Australia,"September 25, 2021",2006,R,3 Seasons,TV Mysteries,An inspiring journey of friendship and courage.
s289,Movie,Sophia Davis,"Actor G, Actor H",United Kingdom,"September 25, 2021",2017,R,2 Seasons,Action & Adventure,A comedy full of laughter and surprises.
s290,Movie,Sophia Davis,"Actor K, Actor L",Australia,"September 25, 2021",1998,PG,120 min,TV Mysteries,A drama exploring human emotions and struggles.
s291,Movie,Sophia Davis,"Actor A, Actor B",Australia,"September 25, 2021",2012,R,2 Seasons,Romantic Movies,An inspiring journey of friendship and courage.
s292,Movie,John Smith,"Actor C, Actor D",Canada,"September 25, 2021",2000,PG,1 Season,Comedies,A thrilling story of love and betrayal.
s293,Movie,Sophia Davis,"Actor C, Actor D",India,"September 25, 2021",1999,R,2 Seasons,TV Mysteries,A documentary uncovering hidden truths.
s294,Movie,Olivia Taylor,"Actor I, Actor J",Australia,"September 25, 2021",1993,TV-MA,120 min,Documentaries,A documentary uncovering hidden truths.
s295,TV Show,Sophia Davis,"Actor C, Actor D",United States,"September 25, 2021",2007,PG,3 Seasons,TV Dramas,A drama exploring human emotions and struggles.
s296,TV Show,John Smith,"Actor G, Actor H",United Kingdom,"September 25, 2021",2004,PG,3 Seasons,International TV Shows,A mystery that will keep you hooked till the end.
s297,TV Show,Sophia Davis,"Actor G, Actor H",Germany,"September 25, 2021",2021,TV-MA,2 Seasons,TV Dramas,A comedy full of laughter and surprises.
s298,Movie,Michael Johnson,"Actor C, Actor D",Germany,"September 25, 2021",1999,PG,1 Season,Documentaries,A thrilling story of love and betrayal.
s299,TV Show,Michael Johnson,"Actor G, Actor H",United States,"September 25, 2021",2013,PG,3 Seasons,Romantic Movies,A mystery that will keep you hooked till the end.
s300,Movie,Olivia Taylor,"Actor I, Actor J",United Kingdom,"September 25, 2021",2010,PG,2 Seasons,Documentaries,An inspiring journey of friendship and courage.
s301,TV Show,Sophia Davis,"Actor E, Actor F",United States,"September 25, 2021",2014,PG,120 min,Comedies,An inspiring journey of friendship and courage.
s302,Movie,Olivia Taylor,"Actor A, Actor B",United States,"September 25, 2021",2020,TV-MA,120 min,TV Mysteries,A comedy full of laughter and surprises.
s303,Movie,Olivia Taylor,"Actor G, Actor H",Germany,"September 25, 2021",2004,TV-MA,2 Seasons,Comedies,A mystery that will keep you hooked till the end.
s304,Movie,Olivia Taylor,"Actor C, Actor D",India,"September 25, 2021",1999,PG,120 min,TV Mysteries,A documentary uncovering hidden truths.
s305,TV Show,John Smith,"Actor K, Actor L",Australia,"September 25, 2021",2003,PG,2 Seasons,Action & Adventure,A documentary uncovering hidden truths.
s306,TV Show,Emma Brown,"Actor G, Actor H",United States,"September 25, 2021",2007,R,2 Seasons,International TV Shows,A mystery that will keep you hooked till the end.
s307,Movie,Sophia Davis,"Actor E, Actor F",India,"September 25, 2021",2010,TV-MA,3 Seasons,Comedies,A mystery that will keep you hooked till the end.
s308,Movie,Daniel Wilson,"Actor C, Actor D",India,"September 25, 2021",2021,R,2 Seasons,International TV Shows,A drama exploring human emotions and struggles.
s309,Movie,Sophia Davis,"Actor I, Actor J",United States,"September 25, 2021",2013,R,90 min,Action & Adventure,An inspiring journey of friendship and courage.
s310,Movie,John Smith,"Actor E, Actor F",Australia,"September 25, 2021",2020,PG,2 Seasons,Action & Adventure,A mystery that will keep you hooked till the end.
s311,Movie,Emma Brown,"Actor E, Actor F",United Kingdom,"September 25, 2021",2016,TV-MA,120 min,Comedies,A thrilling story of love and betrayal.
s312,TV Show,Michael Johnson,"Actor E, Actor F",Germany,"September 25, 2021",1990,R,1 Season,Documentaries,A mystery that will keep you hooked till the end.
s313,TV Show,Daniel Wilson,"Actor G, Actor H",Canada,"September 25, 2021",2000,TV-MA,120 min,Action & Adventure,A thrilling story of love and betrayal.
s314,Movie,Emma Brown,"Actor A, Actor B",United States,"September 25, 2021",1993,R,90 min,Action & Adventure,A drama exploring human emotions and struggles.
s315,Movie,Michael Johnson,"Actor I, Actor J",United Kingdom,"September 25, 2021",2000,R,3 Seasons,TV Dramas,A thrilling story of love and betrayal.
s316,Movie,Olivia Taylor,"Actor K, Actor L",Australia,"September 25, 2021",2007,R,2 Seasons,International TV Shows,A mystery that will keep you hooked till the end.
s317,TV Show,Olivia Taylor,"Actor G, Actor H",Canada,"September 25, 2021",2009,R,1 Season,TV Dramas,A mystery that will keep you hooked till the end.
s318,Movie,Olivia Taylor,"Actor G, Actor H",Australia,"September 25, 2021",2021,PG,90 min,Documentaries,A mystery that will keep you hooked till the end.
s319,TV Show,Michael Johnson,"Actor G, Actor H",United Kingdom,"September 25, 2021",1998,TV-MA,90 min,TV Mysteries,A drama exploring human emotions and struggles.
s320,Movie,Michael Johnson,"Actor C, Actor D",Canada,"September 25, 2021",2018,TV-MA,2 Seasons,TV Mysteries,An inspiring journey of friendship and courage.
s321,Movie,Michael Johnson,"Actor G, Actor H",Canada,"September 25, 2021",2006,R,2 Seasons,International TV Shows,A documentary uncovering hidden truths.
s322,Movie,Sophia Davis,"Actor C, Actor D",Canada,"September 25, 2021",2016,PG,3 Seasons,Documentaries,A documentary uncovering hidden truths.
s323,TV Show,Michael Johnson,"Actor K, Actor L",India,"September 25, 2021",2014,PG,1 Season,TV Mysteries,A mystery that will keep you hooked till the end.
s324,TV Show,Emma Brown,"Actor K, Actor L",Germany,"September 25, 2021",1999,R,90 min,Romantic Movies,A mystery that will keep you hooked till the end.
s325,Movie,Sophia Davis,"Actor I, Actor J",India,"September 25, 2021",2006,TV-MA,2 Seasons,Action & Adventure,A documentary uncovering hidden truths.
s326,TV Show,John Smith,"Actor C, Actor D",Australia,"September 25, 2021",2000,TV-MA,2 Seasons,Romantic Movies,A drama exploring human emotions and struggles.
s327,TV Show,Olivia Taylor,"Actor E, Actor F",Germany,"September 25, 2021",1998,TV-MA,120 min,Romantic Movies,A thrilling story of love and betrayal.
s328,Movie,Emma Brown,"Actor K, Actor L",Australia,"September 25, 2021",2019,TV-MA,2 Seasons,Romantic Movies,A mystery that will keep you hooked till the end.
s329,TV Show,John Smith,"Actor I, Actor J",United States,"September 25, 2021",2019,R,1 Season,TV Mysteries,An inspiring journey of friendship and courage.
s330,Movie,Emma Brown,"Actor C, Actor D",United States,"September 25, 2021",1998,R,2 Seasons,TV Mysteries,A comedy full of laughter and surprises.
s331,Movie,Olivia Taylor,"Actor E, Actor F",Australia,"September 25, 2021",2021,R,1 Season,Comedies,A documentary uncovering hidden truths.
s332,Movie,Olivia Taylor,"Actor G, Actor H",Germany,"September 25, 2021",2002,PG,2 Seasons,TV Dramas,A comedy full of laughter and surprises.
s333,TV Show,Emma Brown,"Actor E, Actor F",United Kingdom,"September 25, 2021",2014,PG,90 min,Comedies,A documentary uncovering hidden truths.
s334,TV Show,Olivia Taylor,"Actor C, Actor D",Australia,"September 25, 2021",2008,PG,3 Seasons,Romantic Movies,A documentary uncovering hidden truths.
s335,TV Show,Michael Johnson,"Actor I, Actor J",United Kingdom,"September 25, 2021",2004,TV-MA,120 min,Comedies,A mystery that will keep you hooked till the end.
s336,Movie,Michael Johnson,"Actor K, Actor L",Germany,"September 25, 2021",2016,TV-MA,2 Seasons,TV Mysteries,A documentary uncovering hidden truths.
s337,TV Show,Emma Brown,"Actor C, Actor D",Australia,"September 25, 2021",2008,R,1 Season,Comedies,A thrilling story of love and betrayal.
s338,TV Show,Sophia Davis,"Actor G, Actor H",United States,"September 25, 2021",2016,PG,90 min,Romantic Movies,A thrilling story of love and betrayal.
s339,TV Show,Michael Johnson,"Actor A, Actor B",United Kingdom,"September 25, 2021",2007,R,1 Season,TV Mysteries,An inspiring journey of friendship and courage.
s340,Movie,Olivia Taylor,"Actor A, Actor B",Australia,"September 25, 2021",2018,R,1 Season,Action & Adventure,A mystery that will keep you hooked till the end.
s341,TV Show,Michael Johnson,"Actor C, Actor D",Canada,"September 25, 2021",2009,R,90 min,Action & Adventure,A drama exploring human emotions and struggles.
s342,TV Show,Sophia Davis,"Actor G, Actor H",Canada,"September 25, 2021",2008,R,3 Seasons,Documentaries,A documentary uncovering hidden truths.
s343,Movie,Sophia Davis,"Actor C, Actor D",India,"September 25, 2021",2007,R,2 Seasons,TV Dramas,A drama exploring human emotions and struggles.
s344,TV Show,Olivia Taylor,"Actor G, Actor H",Germany,"September 25, 2021",1993,R,2 Seasons,TV Mysteries,An inspiring journey of friendship and courage.
s345,Movie,John Smith,"Actor G, Actor H",India,"September 25, 2021",2020,R,90 min,Comedies,A comedy full of laughter and surprises.
s346,Movie,Michael Johnson,"Actor C, Actor D",Australia,"September 25, 2021",1993,R,90 min,International TV Shows,A mystery that will keep you hooked till the end.
s347,TV Show,Emma Brown,"Actor I, Actor J",Germany,"September 25, 2021",2007,TV-MA,2 Seasons,Romantic Movies,A thrilling story of love and betrayal.
s348,TV Show,John Smith,"Actor A, Actor B",Canada,"September 25, 2021",2000,R,3 Seasons,Action & Adventure,A drama exploring human emotions and struggles.
s349,TV Show,Daniel Wilson,"Actor I, Actor J",Germany,"September 25, 2021",2006,PG,1 Season,Action & Adventure,A comedy full of laughter and surprises.
s350,TV Show,Emma Brown,"Actor C, Actor D",Australia,"September 25, 2021",2006,TV-MA,1 Season,TV Mysteries,A thrilling story of love and betrayal.
s351,Movie,Sophia Davis,"Actor E, Actor F",Canada,"September 25, 2021",2020,R,2 Seasons,Action & Adventure,A thrilling story of love and betrayal.
s352,Movie,Emma Brown,"Actor K, Actor L",Canada,"September 25, 2021",1997,PG,120 min,Documentaries,A drama exploring human emotions and struggles.
s353,TV Show,Daniel Wilson,"Actor E, Actor F",United Kingdom,"September 25, 2021",1997,PG,120 min,Action & Adventure,A drama exploring human emotions and struggles.
s354,Movie,Emma Brown,"Actor K, Actor L",Australia,"September 25, 2021",2015,TV-MA,2 Seasons,Documentaries,A comedy full of laughter and surprises.
s355,Movie,Olivia Taylor,"Actor E, Actor F",United States,"September 25, 2021",2005,PG,2 Seasons,TV Mysteries,A drama exploring human emotions and struggles.
s356,TV Show,Sophia Davis,"Actor E, Actor F",Australia,"September 25, 2021",2008,PG,2 Seasons,Documentaries,A mystery that will keep you hooked till the end.
s357,Movie,Olivia Taylor,"Actor K, Actor L",Australia,"September 25, 2021",2016,R,3 Seasons,Action & Adventure,A drama exploring human emotions and struggles.
s358,TV Show,John Smith,"Actor I, Actor J",Canada,"September 25, 2021",2007,TV-MA,2 Seasons,Documentaries,An inspiring journey of friendship and courage.
s359,TV Show,Emma Brown,"Actor E, Actor F",Australia,"September 25, 2021",2012,TV-MA,90 min,Action & Adventure,A drama exploring human emotions and struggles.
s360,Movie,Daniel Wilson,"Actor A, Actor B",United Kingdom,"September 25, 2021",1999,TV-MA,1 Season,TV Mysteries,A thrilling story of love and betrayal.
s361,TV Show,John Smith,"Actor C, Actor D",United States,"September 25, 2021",2009,PG,120 min,Action & Adventure,An inspiring journey of friendship and courage.
s362,Movie,Emma Brown,"Actor I, Actor J",Australia,"September 25, 2021",2010,PG,120 min,Documentaries,A drama exploring human emotions and struggles.
s363,TV Show,Emma Brown,"Actor C, Actor D",United States,"September 25, 2021",2000,R,2 Seasons,TV Mysteries,An inspiring journey of friendship and courage.
s364,Movie,Michael Johnson,"Actor I, Actor J",Australia,"September 25, 2021",2013,R,2 Seasons,Action & Adventure,A comedy full of laughter and surprises.
s365,Movie,Olivia Taylor,"Actor A, Actor B",Canada,"September 25, 2021",2001,R,120 min,TV Dramas,A documentary uncovering hidden truths.
s366,TV Show,Michael Johnson,"Actor E, Actor F",United States,"September 25, 2021",2002,PG,3 Seasons,Comedies,An inspiring journey of friendship and courage.
s367,TV Show,Olivia Taylor,"Actor I, Actor J",Germany,"September 25, 2021",1992,R,3 Seasons,TV Mysteries,A drama exploring human emotions and struggles.
s368,TV Show,Sophia Davis,"Actor G, Actor H",United Kingdom,"September 25, 2021",2018,R,120 min,International TV Shows,A comedy full of laughter and surprises.
s369,Movie,Sophia Davis,"Actor A, Actor B",Canada,"September 25, 2021",2016,PG,3 Seasons,Romantic Movies,A thrilling story of love and betrayal.
s370,Movie,Emma Brown,"Actor G, Actor H",Australia,"September 25, 2021",2015,R,1 Season,Action & Adventure,A comedy full of laughter and surprises.
s371,Movie,Daniel Wilson,"Actor C, Actor D",United Kingdom,"September 25, 2021",1998,PG,2 Seasons,TV Dramas,A documentary uncovering hidden truths.
s372,TV Show,Sophia Davis,"Actor E, Actor F",United Kingdom,"September 25, 2021",2012,R,2 Seasons,Action & Adventure,A thrilling story of love and betrayal.
s373,Movie,Emma Brown,"Actor G, Actor H",United States,"September 25, 2021",2016,R,2 Seasons,Comedies,A comedy full of laughter and surprises.
s374,Movie,Emma Brown,"Actor K, Actor L",Australia,"September 25, 2021",2016,TV-MA,2 Seasons,Comedies,A documentary uncovering hidden truths.
s375,TV Show,Michael Johnson,"Actor I, Actor J",Australia,"September 25, 2021",1998,TV-MA,3 Seasons,Action & Adventure,A mystery that will keep you hooked till the end.
s376,Movie,Daniel Wilson,"Actor K, Actor L",Australia,"September 25, 2021",2015,R,1 Season,Romantic Movies,A thrilling story of love and betrayal.
s377,Movie,Michael Johnson,"Actor A, Actor B",Australia,"September 25, 2021",2000,R,2 Seasons,Comedies,A comedy full of laughter and surprises.
s378,TV Show,Olivia Taylor,"Actor A, Actor B",Australia,"September 25, 2021",2011,R,2 Seasons,TV Dramas,A drama exploring human emotions and struggles.
s379,Movie,Daniel Wilson,"Actor E, Actor F",India,"September 25, 2021",2000,R,1 Season,TV Mysteries,A documentary uncovering hidden truths.
s380,TV Show,Michael Johnson,"Actor G, Actor H",United States,"September 25, 2021",2019,TV-MA,3 Seasons,Romantic Movies,A mystery that will keep you hooked till the end.
s381,TV Show,Sophia Davis,"Actor A, Actor B",Australia,"September 25, 2021",2018,TV-MA,2 Seasons,Romantic Movies,A thrilling story of love and betrayal.
s382,TV Show,Michael Johnson,"Actor C, Actor D",India,"September 25, 2021",2015,PG,2 Seasons,Comedies,A mystery that will keep you hooked till the end.
s383,TV Show,Emma Brown,"Actor A, Actor B",Germany,"September 25, 2021",1993,PG,2 Seasons,Romantic Movies,A thrilling story of love and betrayal.
s384,TV Show,Emma Brown,"Actor A, Actor B",United States,"September 25, 2021",1999,PG,120 min,TV Dramas,A comedy full of laughter and surprises.
s385,Movie,Michael Johnson,"Actor I, Actor J",Canada,"September 25, 2021",2015,PG,2 Seasons,Documentaries,A documentary uncovering hidden truths.
s386,Movie,Sophia Davis,"Actor K, Actor L",Canada,"September 25, 2021",2017,TV-MA,2 Seasons,Action & Adventure,A comedy full of laughter and surprises.
s387,TV Show,Daniel Wilson,"Actor A, Actor B",Germany,"September 25, 2021",2003,R,90 min,Romantic Movies,A drama exploring human emotions and struggles.
s388,TV Show,Sophia Davis,"Actor G, Actor H",Canada,"September 25, 2021",1993,TV-MA,2 Seasons,Romantic Movies,A drama exploring human emotions and struggles.
s389,Movie,Olivia Taylor,"Actor A, Actor B",United States,"September 25, 2021",2005,R,2 Seasons,Comedies,A thrilling story of love and betrayal.
s390,TV Show,John Smith,"Actor E, Actor F",Canada,"September 25, 2021",2017,R,1 Season,Romantic Movies,A thrilling story of love and betrayal.
s391,Movie,Olivia Taylor,"Actor K, Actor L",Australia,"September 25, 2021",1997,PG,90 min,Action & Adventure,A comedy full of laughter and surprises.
s392,Movie,Michael Johnson,"Actor A, Actor B",Canada,"September 25, 2021",2021,TV-MA,1 Season,TV Dramas,A comedy full of laughter and surprises.
s393,Movie,Sophia Davis,"Actor C, Actor D",Germany,"September 25, 2021",1994,TV-MA,1 Season,Comedies,A comedy full of laughter and surprises.
s394,Movie,Michael Johnson,"Actor G, Actor H",United States,"September 25, 2021",1995,TV-MA,2 Seasons,International TV Shows,An inspiring journey of friendship and courage.
s395,Movie,Olivia Taylor,"Actor I, Actor J",United Kingdom,"September 25, 2021",1998,R,90 min,Romantic Movies,A mystery that will keep you hooked till the end.
s396,Movie,Daniel Wilson,"Actor C, Actor D",India,"September 25, 2021",2012,R,90 min,Romantic Movies,A thrilling story of love and betrayal.
s397,TV Show,Emma Brown,"Actor A, Actor B",Germany,"September 25, 2021",2011,TV-MA,2 Seasons,Romantic Movies,An inspiring journey of friendship and courage.
s398,Movie,Daniel Wilson,"Actor K, Actor L",United Kingdom,"September 25, 2021",2018,TV-MA,90 min,Comedies,A mystery that will keep you hooked till the end.
s399,Movie,Sophia Davis,"Actor A, Actor B",Australia,"September 25, 2021",2020,R,2 Seasons,Comedies,A mystery that will keep you hooked till the end.
s400,Movie,John Smith,"Actor C, Actor D",United States,"September 25, 2021",2021,TV-MA,90 min,Action & Adventure,A mystery that will keep you hooked till the end.
s401,Movie,Olivia Taylor,"Actor A, Actor B",India,"September 25, 2021",2009,TV-MA,90 min,TV Dramas,A drama exploring human emotions and struggles.
s402,Movie,Olivia Taylor,"Actor G, Actor H",Germany,"September 25, 2021",1999,PG,3 Seasons,TV Dramas,A mystery that will keep you hooked till the end.
s403,TV Show,Daniel Wilson,"Actor I, Actor J",India,"September 25, 2021",2009,R,2 Seasons,Documentaries,A thrilling story of love and betrayal.
s404,Movie,Sophia Davis,"Actor C, Actor D",United States,"September 25, 2021",2005,PG,1 Season,International TV Shows,A documentary uncovering hidden truths.
s405,Movie,Daniel Wilson,"Actor K, Actor L",Australia,"September 25, 2021",1994,R,1 Season,Romantic Movies,A drama exploring human emotions and struggles.
s406,TV Show,Emma Brown,"Actor E, Actor F",Germany,"September 25, 2021",1994,PG,120 min,Documentaries,A thrilling story of love and betrayal.
s407,Movie,Michael Johnson,"Actor A, Actor B",India,"September 25, 2021",2019,R,120 min,Action & Adventure,A drama exploring human emotions and struggles.
s408,TV Show,Sophia Davis,"Actor C, Actor D",United Kingdom,"September 25, 2021",2010,PG,2 Seasons,Documentaries,An inspiring journey of friendship and courage.
s409,TV Show,Emma Brown,"Actor G, Actor H",United States,"September 25, 2021",2005,R,1 Season,Documentaries,A mystery that will keep you hooked till the end.
s410,Movie,Olivia Taylor,"Actor G, Actor H",Canada,"September 25, 2021",1998,PG,1 Season,TV Dramas,A thrilling story of love and betrayal.
s411,Movie,Daniel Wilson,"Actor C, Actor D",India,"September 25, 2021",2015,PG,2 Seasons,Comedies,A mystery that will keep you hooked till the end.
s412,Movie,Sophia Davis,"Actor I, Actor J",United States,"September 25, 2021",2009,TV-MA,2 Seasons,TV Mysteries,A comedy full of laughter and surprises.
s413,Movie,Daniel Wilson,"Actor I, Actor J",United Kingdom,"September 25, 2021",2012,R,2 Seasons,Comedies,A thrilling story of love and betrayal.
s414,Movie,Olivia Taylor,"Actor A, Actor B",United States,"September 25, 2021",2017,R,1 Season,TV Mysteries,A drama exploring human emotions and struggles.
s415,TV Show,John Smith,"Actor G, Actor H",Canada,"September 25, 2021",2020,TV-MA,90 min,Romantic Movies,A thrilling story of love and betrayal.
s416,Movie,Michael Johnson,"Actor K, Actor L",United States,"September 25, 2021",2009,R,3 Seasons,TV Dramas,A mystery that will keep you hooked till the end.
s417,TV Show,John Smith,"Actor I, Actor J",United States,"September 25, 2021",1995,PG,1 Season,Romantic Movies,A mystery that will keep you hooked till the end.
s418,TV Show,Michael Johnson,"Actor I, Actor J",India,"September 25, 2021",2000,TV-MA,2 Seasons,TV Mysteries,A documentary uncovering hidden truths.
s419,Movie,Olivia Taylor,"Actor G, Actor H",India,"September 25, 2021",2013,PG,3 Seasons,Romantic Movies,A thrilling story of love and betrayal.
s420,Movie,John Smith,"Actor G, Actor H",Canada,"September 25, 2021",1993,R,2 Seasons,TV Mysteries,A comedy full of laughter and surprises.
s421,Movie,Olivia Taylor,"Actor C, Actor D",United Kingdom,"September 25, 2021",1995,PG,3 Seasons,TV Dramas,A documentary uncovering hidden truths.
s422,TV Show,Olivia Taylor,"Actor A, Actor B",Germany,"September 25, 2021",2014,TV-MA,120 min,International TV Shows,A mystery that will keep you hooked till the end.
s423,Movie,Sophia Davis,"Actor G, Actor H",Australia,"September 25, 2021",2017,PG,120 min,Comedies,An inspiring journey of friendship and courage.
s424,Movie,Olivia Taylor,"Actor K, Actor L",United States,"September 25, 2021",2003,PG,120 min,TV Mysteries,A comedy full of laughter and surprises.
s425,Movie,John Smith,"Actor G, Actor H",Canada,"September 25, 2021",2010,R,3 Seasons,Comedies,A mystery that will keep you hooked till the end.
s426,TV Show,Sophia Davis,"Actor I, Actor J",Germany,"September 25, 2021",2005,PG,3 Seasons,International TV Shows,A thrilling story of love and betrayal.
s427,TV Show,Michael Johnson,"Actor I, Actor J",Canada,"September 25, 2021",2006,R,1 Season,Action & Adventure,A drama exploring human emotions and struggles.
s428,Movie,Daniel Wilson,"Actor G, Actor H",Australia,"September 25, 2021",2010,TV-MA,2 Seasons,Comedies,A documentary uncovering hidden truths.
s429,Movie,Michael Johnson,"Actor C, Actor D",India,"September 25, 2021",2000,TV-MA,90 min,Action & Adventure,A drama exploring human emotions and struggles.
s430,TV Show,Michael Johnson,"Actor A, Actor B",Germany,"September 25, 2021",2007,TV-MA,3 Seasons,TV Dramas,A drama exploring human emotions and struggles.
s431,Movie,Olivia Taylor,"Actor A, Actor B",Germany,"September 25, 2021",1996,R,1 Season,Comedies,An inspiring journey of friendship and courage.
s432,TV Show,Olivia Taylor,"Actor A, Actor B",Australia,"September 25, 2021",2017,TV-MA,3 Seasons,TV Mysteries,A drama exploring human emotions and struggles.
s433,Movie,Olivia Taylor,"Actor C, Actor D",India,"September 25, 2021",2001,PG,2 Seasons,Documentaries,A drama exploring human emotions and struggles.
s434,Movie,Michael Johnson,"Actor I, Actor J",United States,"September 25, 2021",1991,R,1 Season,TV Mysteries,A thrilling story of love and betrayal.
s435,TV Show,Olivia Taylor,"Actor K, Actor L",United Kingdom,"September 25, 2021",2015,PG,2 Seasons,TV Dramas,A thrilling story of love and betrayal.
s436,TV Show,Olivia Taylor,"Actor C, Actor D",United Kingdom,"September 25, 2021",1999,R,3 Seasons,Romantic Movies,A mystery that will keep you hooked till the end.
s437,TV Show,Olivia Taylor,"Actor E, Actor F",United States,"September 25, 2021",2001,TV-MA,90 min,Comedies,An inspiring journey of friendship and courage.
s438,Movie,Sophia Davis,"Actor E, Actor F",United Kingdom,"September 25, 2021",2012,TV-MA,2 Seasons,TV Mysteries,A thrilling story of love and betrayal.
s439,Movie,Sophia Davis,"Actor A, Actor B",Canada,"September 25, 2021",1993,R,1 Season,Documentaries,A comedy full of laughter and surprises.
s440,TV Show,Olivia Taylor,"Actor G, Actor H",Germany,"September 25, 2021",2008,PG,3 Seasons,TV Mysteries,A documentary uncovering hidden truths.
s441,TV Show,John Smith,"Actor C, Actor D",Canada,"September 25, 2021",2002,PG,3 Seasons,TV Mysteries,A comedy full of laughter and surprises.
s442,Movie,Sophia Davis,"Actor G, Actor H",United Kingdom,"September 25, 2021",2014,TV-MA,3 Seasons,Romantic Movies,A thrilling story of love and betrayal.
s443,Movie,Michael Johnson,"Actor E, Actor F",United Kingdom,"September 25, 2021",2012,R,3 Seasons,TV Dramas,A thrilling story of love and betrayal.
s444,TV Show,Daniel Wilson,"Actor G, Actor H",India,"September 25, 2021",2011,TV-MA,1 Season,TV Mysteries,A comedy full of laughter and surprises.
s445,Movie,Michael Johnson,"Actor A, Actor B",India,"September 25, 2021",2009,TV-MA,3 Seasons,Romantic Movies,A documentary uncovering hidden truths.
s446,Movie,Michael Johnson,"Actor G, Actor H",United Kingdom,"September 25, 2021",1999,R,1 Season,Action & Adventure,A drama exploring human emotions and struggles.
s447,TV Show,Daniel Wilson,"Actor E, Actor F",Canada,"September 25, 2021",2018,TV-MA,120 min,Romantic Movies,A comedy full of laughter and surprises.
s448,Movie,Olivia Taylor,"Actor A, Actor B",Canada,"September 25, 2021",2000,PG,120 min,TV Mysteries,A documentary uncovering hidden truths.
s449,Movie,Olivia Taylor,"Actor C, Actor D",United Kingdom,"September 25, 2021",1994,PG,2 Seasons,TV Dramas,An inspiring journey of friendship and courage.
s450,TV Show,Emma Brown,"Actor I, Actor J",India,"September 25, 2021",2009,TV-MA,120 min,Comedies,A documentary uncovering hidden truths.
s451,TV Show,Emma Brown,"Actor A, Actor B",Australia,"September 25, 2021",2011,PG,1 Season,Documentaries,A thrilling story of love and betrayal.
s452,Movie,Emma Brown,"Actor E, Actor F",United States,"September 25, 2021",2020,PG,120 min,TV Dramas,A mystery that will keep you hooked till the end.
s453,TV Show,Michael Johnson,"Actor K, Actor L",United Kingdom,"September 25, 2021",2009,R,120 min,TV Mysteries,A documentary uncovering hidden truths.
s454,TV Show,Daniel Wilson,"Actor I, Actor J",Canada,"September 25, 2021",2014,R,3 Seasons,TV Dramas,A drama exploring human emotions and struggles.
s455,TV Show,Sophia Davis,"Actor C, Actor D",India,"September 25, 2021",2019,TV-MA,90 min,Action & Adventure,An inspiring journey of friendship and courage.
s456,TV Show,John Smith,"Actor G, Actor H",United Kingdom,"September 25, 2021",2005,PG,90 min,TV Mysteries,A drama exploring human emotions and struggles.
s457,Movie,Michael Johnson,"Actor I, Actor J",United States,"September 25, 2021",2018,TV-MA,1 Season,TV Mysteries,A mystery that will keep you hooked till the end.
s458,TV Show,John Smith,"Actor K, Actor L",India,"September 25, 2021",2008,TV-MA,3 Seasons,Documentaries,A thrilling story of love and betrayal.
s459,Movie,Daniel Wilson,"Actor G, Actor H",Australia,"September 25, 2021",2008,TV-MA,2 Seasons,TV Dramas,A thrilling story of love and betrayal.
s460,TV Show,Michael Johnson,"Actor G, Actor H",Canada,"September 25, 2021",2017,R,2 Seasons,TV Dramas,A drama exploring human emotions and struggles.
s461,Movie,Daniel Wilson,"Actor C, Actor D",Australia,"September 25, 2021",1992,PG,2 Seasons,International TV Shows,A drama exploring human emotions and struggles.
s462,Movie,Michael Johnson,"Actor G, Actor H",United Kingdom,"September 25, 2021",2010,PG,3 Seasons,Romantic Movies,A documentary uncovering hidden truths.
s463,TV Show,Emma Brown,"Actor G, Actor H",United States,"September 25, 2021",2010,TV-MA,3 Seasons,Documentaries,A drama exploring human emotions and struggles.
s464,TV Show,Sophia Davis,"Actor I, Actor J",Germany,"September 25, 2021",2011,R,3 Seasons,Documentaries,A documentary uncovering hidden truths.
s465,Movie,Emma Brown,"Actor G, Actor H",India,"September 25, 2021",1994,PG,120 min,Action & Adventure,A documentary uncovering hidden truths.
s466,TV Show,Sophia Davis,"Actor E, Actor F",Canada,"September 25, 2021",2004,R,1 Season,Action & Adventure,A drama exploring human emotions and struggles.
s467,TV Show,Emma Brown,"Actor I, Actor J",Canada,"September 25, 2021",2005,R,2 Seasons,Romantic Movies,A mystery that will keep you hooked till the end.
s468,TV Show,Emma Brown,"Actor I, Actor J",India,"September 25, 2021",1997,PG,120 min,Comedies,A thrilling story of love and betrayal.
s469,Movie,Emma Brown,"Actor E, Actor F",India,"September 25, 2021",2004,PG,3 Seasons,Comedies,A drama exploring human emotions and struggles.
s470,TV Show,Daniel Wilson,"Actor K, Actor L",United States,"September 25, 2021",2021,TV-MA,3 Seasons,TV Dramas,A comedy full of laughter and surprises.
s471,TV Show,John Smith,"Actor A, Actor B",Canada,"September 25, 2021",2016,TV-MA,1 Season,International TV Shows,A documentary uncovering hidden truths.
s472,Movie,Michael Johnson,"Actor I, Actor J",United States,"September 25, 2021",2017,TV-MA,1 Season,TV Dramas,A mystery that will keep you hooked till the end.
s473,Movie,Emma Brown,"Actor E, Actor F",Germany,"September 25, 2021",2001,PG,120 min,Action & Adventure,An inspiring journey of friendship and courage.
s474,Movie,Emma Brown,"Actor A, Actor B",United States,"September 25, 2021",2002,R,3 Seasons,Romantic Movies,A drama exploring human emotions and struggles.
s475,TV Show,Sophia Davis,"Actor I, Actor J",India,"September 25, 2021",2011,PG,2 Seasons,TV Dramas,A mystery that will keep you hooked till the end.
s476,TV Show,Olivia Taylor,"Actor A, Actor B",Germany,"September 25, 2021",1994,TV-MA,90 min,Comedies,A drama exploring human emotions and struggles.
s477,Movie,Michael Johnson,"Actor I, Actor J",United Kingdom,"September 25, 2021",2017,TV-MA,3 Seasons,Documentaries,A mystery that will keep you hooked till the end.
s478,Movie,Emma Brown,"Actor I, Actor J",United Kingdom,"September 25, 2021",1999,PG,90 min,TV Dramas,An inspiring journey of friendship and courage.
s479,Movie,Michael Johnson,"Actor I, Actor J",United States,"September 25, 2021",2006,TV-MA,90 min,Comedies,A documentary uncovering hidden truths.
s480,Movie,Michael Johnson,"Actor C, Actor D",Canada,"September 25, 2021",2002,TV-MA,3 Seasons,Comedies,A thrilling story of love and betrayal.
s481,Movie,John Smith,"Actor E, Actor F",India,"September 25, 2021",1991,PG,2 Seasons,Comedies,A thrilling story of love and betrayal.
s482,TV Show,Emma Brown,"Actor E, Actor F",Australia,"September 25, 2021",1993,PG,1 Season,International TV Shows,A mystery that will keep you hooked till the end.
s483,Movie,Michael Johnson,"Actor E, Actor F",India,"September 25, 2021",2004,TV-MA,90 min,Romantic Movies,A mystery that will keep you hooked till the end.
s484,TV Show,Daniel Wilson,"Actor E, Actor F",Australia,"September 25, 2021",1991,TV-MA,90 min,TV Dramas,A documentary uncovering hidden truths.
s485,Movie,Sophia Davis,"Actor A, Actor B",India,"September 25, 2021",2020,TV-MA,90 min,Comedies,A thrilling story of love and betrayal.
s486,TV Show,Sophia Davis,"Actor C, Actor D",India,"September 25, 2021",2009,PG,1 Season,TV Mysteries,A documentary uncovering hidden truths.
s487,TV Show,Emma Brown,"Actor K, Actor L",Germany,"September 25, 2021",2012,R,1 Season,Action & Adventure,A thrilling story of love and betrayal.
s488,TV Show,Michael Johnson,"Actor I, Actor J",Australia,"September 25, 2021",2011,PG,90 min,Action & Adventure,A comedy full of laughter and surprises.
s489,TV Show,Emma Brown,"Actor G, Actor H",United Kingdom,"September 25, 2021",2006,R,120 min,Romantic Movies,A mystery that will keep you hooked till the end.
s490,Movie,Emma Brown,"Actor K, Actor L",Canada,"September 25, 2021",1996,PG,3 Seasons,TV Mysteries,A documentary uncovering hidden truths.
s491,Movie,Michael Johnson,"Actor C, Actor D",Canada,"September 25, 2021",2008,R,90 min,Romantic Movies,A comedy full of laughter and surprises.
s492,Movie,Daniel Wilson,"Actor I, Actor J",Canada,"September 25, 2021",2013,TV-MA,3 Seasons,TV Mysteries,An inspiring journey of friendship and courage.
s493,TV Show,Michael Johnson,"Actor I, Actor J",United States,"September 25, 2021",2019,TV-MA,120 min,Romantic Movies,A drama exploring human emotions and struggles.
s494,TV Show,Emma Brown,"Actor K, Actor L",United Kingdom,"September 25, 2021",1992,R,3 Seasons,TV Dramas,A mystery that will keep you hooked till the end.
s495,TV Show,Michael Johnson,"Actor K, Actor L",Canada,"September 25, 2021",2001,TV-MA,1 Season,Documentaries,An inspiring journey of friendship and courage.
s496,Movie,Emma Brown,"Actor C, Actor D",Australia,"September 25, 2021",2016,PG,90 min,Action & Adventure,A documentary uncovering hidden truths.
s497,TV Show,Emma Brown,"Actor K, Actor L",Germany,"September 25, 2021",1993,PG,120 min,Romantic Movies,A documentary uncovering hidden truths.
s498,TV Show,Emma Brown,"Actor C, Actor D",Canada,"September 25, 2021",1994,TV-MA,120 min,Romantic Movies,A documentary uncovering hidden truths.
s499,TV Show,Emma Brown,"Actor C, Actor D",Australia,"September 25, 2021",1995,PG,3 Seasons,TV Mysteries,A drama exploring human emotions and struggles.
s500,Movie,Daniel Wilson,"Actor K, Actor L",Australia,"September 25, 2021",2002,TV-MA,90 min,International TV Shows,A mystery that will keep you hooked till the end.
